sample	country	site
PA0134C	Guinea	Guinea
PA0137C	Guinea	Guinea
PA0138C	Guinea	Guinea
PA0140C	Guinea	Guinea
PA0144C	Guinea	Guinea
PA0145C	Guinea	Guinea
PA0146C	Guinea	Guinea
PA0147C	Guinea	Guinea
PA0148C	Guinea	Guinea
PA0149C	Guinea	Guinea
PA0151C	Guinea	Guinea
PA0152C	Guinea	Guinea
PA0153C	Guinea	Guinea
PA0155C	Guinea	Guinea
PA0157C	Guinea	Guinea
PA0158C	Guinea	Guinea
PA0159C	Guinea	Guinea
PA0160C	Guinea	Guinea
PA0161C	Guinea	Guinea
PA0163C	Guinea	Guinea
PA0165C	Guinea	Guinea
PA0167C	Guinea	Guinea
PA0168C	Guinea	Guinea
PA0169C	Guinea	Guinea
PA0171C	Guinea	Guinea
PA0172C	Guinea	Guinea
PA0173C	Guinea	Guinea
PA0176C	Guinea	Guinea
PA0177C	Guinea	Guinea
PA0178C	Guinea	Guinea
PA0179C	Guinea	Guinea
PA0180C	Guinea	Guinea
PA0182C	Guinea	Guinea
PA0183C	Guinea	Guinea
PA0184C	Guinea	Guinea
PA0185C	Guinea	Guinea
PA0186C	Guinea	Guinea
PA0187C	Guinea	Guinea
PA0188C	Guinea	Guinea
PA0189C	Guinea	Guinea
PA0190C	Guinea	Guinea
PA0191C	Guinea	Guinea
PA0193C	Guinea	Guinea
PA0195C	Guinea	Guinea
PA0197C	Guinea	Guinea
PA0198C	Guinea	Guinea
PA0199C	Guinea	Guinea
PA0200C	Guinea	Guinea
PA0201C	Guinea	Guinea
PA0202C	Guinea	Guinea
PA0203C	Guinea	Guinea
PA0204C	Guinea	Guinea
PA0205C	Guinea	Guinea
PA0206C	Guinea	Guinea
PA0207C	Guinea	Guinea
PA0208C	Guinea	Guinea
PA0209C	Guinea	Guinea
PA0210C	Guinea	Guinea
PA0211C	Guinea	Guinea
PA0212C	Guinea	Guinea
PA0213C	Guinea	Guinea
PA0214C	Guinea	Guinea
PA0215C	Guinea	Guinea
PA0216C	Guinea	Guinea
PA0217C	Guinea	Guinea
PA0218C	Guinea	Guinea
PA0219C	Guinea	Guinea
PA0220C	Guinea	Guinea
PA0221C	Guinea	Guinea
PA0222C	Guinea	Guinea
PA0223C	Guinea	Guinea
PA0224C	Guinea	Guinea
PA0225C	Guinea	Guinea
PA0227C	Guinea	Guinea
PA0228C	Guinea	Guinea
PA0229C	Guinea	Guinea
PA0230C	Guinea	Guinea
PA0231C	Guinea	Guinea
PA0232C	Guinea	Guinea
PA0233C	Guinea	Guinea
PA0234C	Guinea	Guinea
PA0237C	Guinea	Guinea
PA0239C	Guinea	Guinea
PA0243C	Guinea	Guinea
PA0245C	Guinea	Guinea
PA0246C	Guinea	Guinea
PA0249C	Guinea	Guinea
PA0251C	Guinea	Guinea
PA0253C	Guinea	Guinea
PA0254C	Guinea	Guinea
PA0255C	Guinea	Guinea
PA0256C	Guinea	Guinea
PA0257C	Guinea	Guinea
PA0260C	Guinea	Guinea
PA0261C	Guinea	Guinea
PA0262C	Guinea	Guinea
PA0263C	Guinea	Guinea
PA0267C	Guinea	Guinea
PA0269C	Guinea	Guinea
PA0270C	Guinea	Guinea
PE0002CW	Tanzania	Tanzania
PE0009C	Tanzania	Tanzania
PE0010C	Tanzania	Tanzania
PE0011C	Tanzania	Tanzania
PE0012C	Tanzania	Tanzania
PE0013C	Tanzania	Tanzania
PE0016C	Tanzania	Tanzania
PE0017C	Tanzania	Tanzania
PE0018C	Tanzania	Tanzania
PE0019C	Tanzania	Tanzania
PE0020C	Tanzania	Tanzania
PE0021C	Tanzania	Tanzania
PE0022C	Tanzania	Tanzania
PE0023C	Tanzania	Tanzania
PE0024C	Tanzania	Tanzania
PE0025C	Tanzania	Tanzania
PE0027C	Tanzania	Tanzania
PE0028C	Tanzania	Tanzania
PE0030C	Tanzania	Tanzania
PE0087C	Tanzania	Tanzania
PE0088C	Tanzania	Tanzania
PE0089C	Tanzania	Tanzania
PE0090C	Tanzania	Tanzania
PE0091C	Tanzania	Tanzania
PE0092C	Tanzania	Tanzania
PE0093C	Tanzania	Tanzania
PE0096C	Tanzania	Tanzania
PE0098C	Tanzania	Tanzania
PE0102C	Tanzania	Tanzania
PE0103C	Tanzania	Tanzania
PE0105C	Tanzania	Tanzania
PE0108C	Tanzania	Tanzania
PE0109C	Tanzania	Tanzania
PE0111C	Tanzania	Tanzania
PE0113C	Tanzania	Tanzania
PE0114C	Tanzania	Tanzania
PE0115C	Tanzania	Tanzania
PE0116C	Tanzania	Tanzania
PE0117C	Tanzania	Tanzania
PE0119C	Tanzania	Tanzania
PE0121C	Tanzania	Tanzania
PE0122C	Tanzania	Tanzania
PE0123C	Tanzania	Tanzania
PE0124C	Tanzania	Tanzania
PE0125C	Tanzania	Tanzania
PE0126C	Tanzania	Tanzania
PE0127C	Tanzania	Tanzania
PE0128C	Tanzania	Tanzania
PE0129C	Tanzania	Tanzania
PE0130C	Tanzania	Tanzania
PE0131C	Tanzania	Tanzania
PE0132C	Tanzania	Tanzania
PE0133C	Tanzania	Tanzania
PE0134C	Tanzania	Tanzania
PE0135C	Tanzania	Tanzania
PE0136C	Tanzania	Tanzania
PE0137C	Tanzania	Tanzania
PE0138C	Tanzania	Tanzania
PE0139C	Tanzania	Tanzania
PE0140C	Tanzania	Tanzania
PE0141C	Tanzania	Tanzania
PE0142C	Tanzania	Tanzania
PE0143C	Tanzania	Tanzania
PE0144C	Tanzania	Tanzania
PE0145C	Tanzania	Tanzania
PE0146C	Tanzania	Tanzania
PE0147C	Tanzania	Tanzania
PE0148C	Tanzania	Tanzania
PF0007C	Ghana	Ghana
PF0012C	Ghana	Ghana
PF0016C	Ghana	Ghana
PF0020C	Ghana	Ghana
PF0022C	Ghana	Ghana
PF0024C	Ghana	Ghana
PF0026C	Ghana	Ghana
PF0027C	Ghana	Ghana
PF0029C	Ghana	Ghana
PF0033C	Ghana	Ghana
PF0036C	Ghana	Ghana
PF0038C	Ghana	Ghana
PF0041C	Ghana	Ghana
PF0042C	Ghana	Ghana
PF0049C	Ghana	Ghana
PF0051C	Ghana	Ghana
PF0054C	Ghana	Ghana
PF0062C	Ghana	Ghana
PF0075C	Ghana	Ghana
PF0079C	Ghana	Ghana
PF0084C	Ghana	Ghana
PF0090C	Ghana	Ghana
PF0092C	Ghana	Ghana
PF0095C	Ghana	Ghana
PF0099C	Ghana	Ghana
PF0101C	Ghana	Ghana
PF0102C	Ghana	Ghana
PF0103C	Ghana	Ghana
PF0107C	Ghana	Ghana
PF0108C	Ghana	Ghana
PF0112C	Ghana	Ghana
PF0113C	Ghana	Ghana
PF0114C	Ghana	Ghana
PF0116C	Ghana	Ghana
PF0119C	Ghana	Ghana
PF0124C	Ghana	Ghana
PF0128C	Ghana	Ghana
PF0129C	Ghana	Ghana
PF0130C	Ghana	Ghana
PF0131C	Ghana	Ghana
PF0133C	Ghana	Ghana
PF0134C	Ghana	Ghana
PF0135C	Ghana	Ghana
PF0141C	Ghana	Ghana
PF0144C	Ghana	Ghana
PF0145C	Ghana	Ghana
PF0146C	Ghana	Ghana
PF0150C	Ghana	Ghana
PF0151C	Ghana	Ghana
PF0155C	Ghana	Ghana
PF0160C	Ghana	Ghana
PF0161C	Ghana	Ghana
PF0167C	Ghana	Ghana
PF0172C	Ghana	Ghana
PF0177C	Ghana	Ghana
PF0180C	Ghana	Ghana
PF0188C	Ghana	Ghana
PF0189C	Ghana	Ghana
PF0190C	Ghana	Ghana
PF0191C	Ghana	Ghana
PF0195C	Ghana	Ghana
PF0202C	Ghana	Ghana
PF0203C	Ghana	Ghana
PF0205C	Ghana	Ghana
PF0207C	Ghana	Ghana
PF0211C	Ghana	Ghana
PF0219C	Ghana	Ghana
PF0221C	Ghana	Ghana
PF0222C	Ghana	Ghana
PF0223C	Ghana	Ghana
PF0228C	Ghana	Ghana
PF0229C	Ghana	Ghana
PF0230C	Ghana	Ghana
PF0234C	Ghana	Ghana
PF0239C	Ghana	Ghana
PF0245C	Ghana	Ghana
PF0248C	Ghana	Ghana
PF0249C	Ghana	Ghana
PF0253C	Ghana	Ghana
PF0254C	Ghana	Ghana
PF0255C	Ghana	Ghana
PF0256C	Ghana	Ghana
PF0258C	Ghana	Ghana
PF0260C	Ghana	Ghana
PF0261C	Ghana	Ghana
PF0263C	Ghana	Ghana
PF0264C	Ghana	Ghana
PF0266C	Ghana	Ghana
PF0268C	Ghana	Ghana
PF0272C	Ghana	Ghana
PF0275C	Ghana	Ghana
PF0277C	Ghana	Ghana
PF0280C	Ghana	Ghana
PF0281C	Ghana	Ghana
PF0285C	Ghana	Ghana
PF0287C	Ghana	Ghana
PF0288C	Ghana	Ghana
PF0298C	Ghana	Ghana
PF0299C	Ghana	Ghana
PF0301C	Ghana	Ghana
PF0305C	Ghana	Ghana
PF0310C	Ghana	Ghana
PF0314C	Ghana	Ghana
PF0318C	Ghana	Ghana
PF0321C	Ghana	Ghana
PF0329C	Ghana	Ghana
PF0330C	Ghana	Ghana
PF0333C	Ghana	Ghana
PF0334C	Ghana	Ghana
PF0337C	Ghana	Ghana
PF0341C	Ghana	Ghana
PF0350C	Ghana	Ghana
PF0353C	Ghana	Ghana
PF0359C	Ghana	Ghana
PF0360C	Ghana	Ghana
PF0361C	Ghana	Ghana
PF0362C	Ghana	Ghana
PF0370C	Ghana	Ghana
PF0376C	Ghana	Ghana
PF0378C	Ghana	Ghana
PF0380C	Ghana	Ghana
PF0381C	Ghana	Ghana
PF0383C	Ghana	Ghana
PF0385C	Ghana	Ghana
PF0388C	Ghana	Ghana
PF0389C	Ghana	Ghana
PF0395C	Ghana	Ghana
PF0399C	Ghana	Ghana
PF0409C	Ghana	Ghana
PF0410CW	Ghana	Ghana
PF0412C	Ghana	Ghana
PF0414C	Ghana	Ghana
PF0417C	Ghana	Ghana
PF0419C	Ghana	Ghana
PF0421C	Ghana	Ghana
PF0422C	Ghana	Ghana
PF0424C	Ghana	Ghana
PF0427C	Ghana	Ghana
PF0434C	Ghana	Ghana
PF0440C	Ghana	Ghana
PF0441CW	Ghana	Ghana
PF0446CW	Ghana	Ghana
PF0451C	Ghana	Ghana
PF0456C	Ghana	Ghana
PF0461C	Ghana	Ghana
PF0466C	Ghana	Ghana
PF0472C	Ghana	Ghana
PF0478C	Ghana	Ghana
PF0482C	Ghana	Ghana
PF0484C	Ghana	Ghana
PF0486C	Ghana	Ghana
PF0489C	Ghana	Ghana
PF0491C	Ghana	Ghana
PF0494C	Ghana	Ghana
PF0499C	Ghana	Ghana
PF0511C	Ghana	Ghana
PF0513C	Ghana	Ghana
PF0524C	Ghana	Ghana
PF0539C	Ghana	Ghana
PF0556Cx	Ghana	Ghana
PF0557Cx	Ghana	Ghana
PF0559C	Ghana	Ghana
PF0559Cx	Ghana	Ghana
PF0560C	Ghana	Ghana
PF0578C	Ghana	Ghana
PF0578Cx	Ghana	Ghana
PF0579C	Ghana	Ghana
PF0583C	Ghana	Ghana
PF0584C	Ghana	Ghana
PF0590C	Ghana	Ghana
PF0590Cx	Ghana	Ghana
PF0597C	Ghana	Ghana
PF0614C	Ghana	Ghana
PF0617C	Ghana	Ghana
PF0619C	Ghana	Ghana
PF0621C	Ghana	Ghana
PF0625C	Ghana	Ghana
PF0627C	Ghana	Ghana
PF0629C	Ghana	Ghana
PF0632C	Ghana	Ghana
PF0635C	Ghana	Ghana
PF0643C	Ghana	Ghana
PF0661C	Ghana	Ghana
PF0666C	Ghana	Ghana
PF0668C	Ghana	Ghana
PF0669C	Ghana	Ghana
PF0670C	Ghana	Ghana
PF0675C	Ghana	Ghana
PF0678C	Ghana	Ghana
PF0681C	Ghana	Ghana
PF0682C	Ghana	Ghana
PF0686C	Ghana	Ghana
PF0689C	Ghana	Ghana
PF0692C	Ghana	Ghana
PF0694C	Ghana	Ghana
PF0697C	Ghana	Ghana
PF0700C	Ghana	Ghana
PF0701C	Ghana	Ghana
PF0703C	Ghana	Ghana
PF0704C	Ghana	Ghana
PF0708C	Ghana	Ghana
PF0711C	Ghana	Ghana
PF0715C	Ghana	Ghana
PF0722C	Ghana	Ghana
PF0724C	Ghana	Ghana
PF0725C	Ghana	Ghana
PF0727C	Ghana	Ghana
PF0729C	Ghana	Ghana
PF0730C	Ghana	Ghana
PF0731C	Ghana	Ghana
PF0732C	Ghana	Ghana
PF0735C	Ghana	Ghana
PF0739C	Ghana	Ghana
PF0740C	Ghana	Ghana
PF0743C	Ghana	Ghana
PF0748C	Ghana	Ghana
PF0751C	Ghana	Ghana
PF0753C	Ghana	Ghana
PF0754C	Ghana	Ghana
PF0755C	Ghana	Ghana
PF0756C	Ghana	Ghana
PF0767C	Ghana	Ghana
PF0769C	Ghana	Ghana
PF0780C	Ghana	Ghana
PF0783C	Ghana	Ghana
PF0787C	Ghana	Ghana
PF0789C	Ghana	Ghana
PF0793C	Ghana	Ghana
PF0798C	Ghana	Ghana
PF0801C	Ghana	Ghana
PF0803C	Ghana	Ghana
PF0804C	Ghana	Ghana
PF0809C	Ghana	Ghana
PF0810C	Ghana	Ghana
PF0811C	Ghana	Ghana
PF0814C	Ghana	Ghana
PF0816C	Ghana	Ghana
PF0819C	Ghana	Ghana
PT0001CW	Malawi	Malawi
PT0002CW	Malawi	Malawi
PT0004CW	Malawi	Malawi
PT0005CW	Malawi	Malawi
PT0006CW	Malawi	Malawi
PT0008CW	Malawi	Malawi
PT0010CW	Malawi	Malawi
PT0013CW	Malawi	Malawi
PT0014CW	Malawi	Malawi
PT0016CW	Malawi	Malawi
PT0017CW	Malawi	Malawi
PT0018CW	Malawi	Malawi
PT0020CW	Malawi	Malawi
PT0021CW	Malawi	Malawi
PT0023CW	Malawi	Malawi
PT0027C	Malawi	Malawi
PT0029C	Malawi	Malawi
PT0031C	Malawi	Malawi
PT0039C	Malawi	Malawi
PT0040C	Malawi	Malawi
PT0041C	Malawi	Malawi
PT0042C	Malawi	Malawi
PT0043C	Malawi	Malawi
PT0044C	Malawi	Malawi
PT0046C	Malawi	Malawi
PT0051C	Malawi	Malawi
PT0052C	Malawi	Malawi
PT0056C	Malawi	Malawi
PT0057C	Malawi	Malawi
PT0058C	Malawi	Malawi
PT0059C	Malawi	Malawi
PT0060C	Malawi	Malawi
PT0061C	Malawi	Malawi
PT0064C	Malawi	Malawi
PT0065C	Malawi	Malawi
PT0066C	Malawi	Malawi
PT0067C	Malawi	Malawi
PT0068C	Malawi	Malawi
PT0069C	Malawi	Malawi
PT0071C	Malawi	Malawi
PT0072C	Malawi	Malawi
PT0074C	Malawi	Malawi
PT0075C	Malawi	Malawi
PT0077C	Malawi	Malawi
PT0077Cx	Malawi	Malawi
PT0078C	Malawi	Malawi
PT0078Cx	Malawi	Malawi
PT0080C	Malawi	Malawi
PT0081C	Malawi	Malawi
PT0082C	Malawi	Malawi
PT0084C	Malawi	Malawi
PT0086C	Malawi	Malawi
PT0087C	Malawi	Malawi
PT0088C	Malawi	Malawi
PT0090C	Malawi	Malawi
PT0091C	Malawi	Malawi
PT0094C	Malawi	Malawi
PT0095C	Malawi	Malawi
PT0096C	Malawi	Malawi
PT0100C	Malawi	Malawi
PT0101C	Malawi	Malawi
PT0103C	Malawi	Malawi
PT0104C	Malawi	Malawi
PT0105C	Malawi	Malawi
PT0108C	Malawi	Malawi
PT0111C	Malawi	Malawi
PT0112C	Malawi	Malawi
PT0115C	Malawi	Malawi
PT0117C	Malawi	Malawi
PT0118C	Malawi	Malawi
PT0119C	Malawi	Malawi
PT0121C	Malawi	Malawi
PT0122C	Malawi	Malawi
PT0123C	Malawi	Malawi
PT0124C	Malawi	Malawi
PT0125C	Malawi	Malawi
PT0126C	Malawi	Malawi
PT0127C	Malawi	Malawi
PT0131C	Malawi	Malawi
PT0132C	Malawi	Malawi
PT0133C	Malawi	Malawi
PT0135C	Malawi	Malawi
PT0136C	Malawi	Malawi
PT0138C	Malawi	Malawi
PT0139C	Malawi	Malawi
PT0140C	Malawi	Malawi
PT0143C	Malawi	Malawi
PT0144C	Malawi	Malawi
PT0146C	Malawi	Malawi
PT0147C	Malawi	Malawi
PT0149C	Malawi	Malawi
PT0150C	Malawi	Malawi
PT0152C	Malawi	Malawi
PT0154C	Malawi	Malawi
PT0154Cx	Malawi	Malawi
PT0155C	Malawi	Malawi
PT0157C	Malawi	Malawi
PT0160C	Malawi	Malawi
PT0161C	Malawi	Malawi
PT0165C	Malawi	Malawi
PT0168C	Malawi	Malawi
PT0169C	Malawi	Malawi
PT0170C	Malawi	Malawi
PT0174C	Malawi	Malawi
PT0175C	Malawi	Malawi
PT0176C	Malawi	Malawi
PT0177C	Malawi	Malawi
PT0178C	Malawi	Malawi
PT0180C	Malawi	Malawi
PT0182C	Malawi	Malawi
PT0183C	Malawi	Malawi
PT0187C	Malawi	Malawi
PT0187Cx	Malawi	Malawi
PT0188C	Malawi	Malawi
PT0188Cx	Malawi	Malawi
PT0189C	Malawi	Malawi
PT0189Cx	Malawi	Malawi
PT0190C	Malawi	Malawi
PT0192Cx	Malawi	Malawi
PT0193C	Malawi	Malawi
PT0196Cx	Malawi	Malawi
PT0197Cx	Malawi	Malawi
PT0198Cx	Malawi	Malawi
PT0199C	Malawi	Malawi
PT0199Cx	Malawi	Malawi
PT0200C	Malawi	Malawi
PT0201C	Malawi	Malawi
PT0201Cx	Malawi	Malawi
PT0202Cx	Malawi	Malawi
PT0203C	Malawi	Malawi
PT0203Cx	Malawi	Malawi
PT0204C	Malawi	Malawi
PT0204Cx	Malawi	Malawi
PT0205C	Malawi	Malawi
PT0206C	Malawi	Malawi
PT0206Cx	Malawi	Malawi
PT0207Cx	Malawi	Malawi
PT0208C	Malawi	Malawi
PT0208Cx	Malawi	Malawi
PT0209C	Malawi	Malawi
PT0209Cx	Malawi	Malawi
PT0210C	Malawi	Malawi
PT0210Cx	Malawi	Malawi
PT0211Cx	Malawi	Malawi
PT0212C	Malawi	Malawi
PT0212Cx	Malawi	Malawi
PT0213C	Malawi	Malawi
PT0214Cx	Malawi	Malawi
PT0215C	Malawi	Malawi
PT0216C	Malawi	Malawi
PT0216Cx	Malawi	Malawi
PT0217C	Malawi	Malawi
PT0218Cx	Malawi	Malawi
PT0219C	Malawi	Malawi
PT0219Cx	Malawi	Malawi
PT0220C	Malawi	Malawi
PT0220Cx	Malawi	Malawi
PT0221C	Malawi	Malawi
PT0221Cx	Malawi	Malawi
PT0222C	Malawi	Malawi
PT0222Cx	Malawi	Malawi
PT0223Cx	Malawi	Malawi
PT0224C	Malawi	Malawi
PT0226Cx	Malawi	Malawi
PT0227C	Malawi	Malawi
PT0230C	Malawi	Malawi
PT0230Cx	Malawi	Malawi
PT0231C	Malawi	Malawi
PT0232C	Malawi	Malawi
PT0233C	Malawi	Malawi
PT0233Cx	Malawi	Malawi
PT0234C	Malawi	Malawi
PT0234Cx	Malawi	Malawi
PT0235Cx	Malawi	Malawi
PT0236C	Malawi	Malawi
PT0237C	Malawi	Malawi
PT0237Cx	Malawi	Malawi
PT0238C	Malawi	Malawi
PT0238Cx	Malawi	Malawi
PT0239Cx	Malawi	Malawi
PT0240Cx	Malawi	Malawi
PT0241Cx	Malawi	Malawi
PT0242C	Malawi	Malawi
PT0242Cx	Malawi	Malawi
PT0243C	Malawi	Malawi
PT0243Cx	Malawi	Malawi
PT0244C	Malawi	Malawi
PT0247C	Malawi	Malawi
PT0248C	Malawi	Malawi
PT0248Cx	Malawi	Malawi
PT0249C	Malawi	Malawi
PT0249Cx	Malawi	Malawi
PT0250C	Malawi	Malawi
PT0250Cx	Malawi	Malawi
PT0252C	Malawi	Malawi
PT0252Cx	Malawi	Malawi
PT0253Cx	Malawi	Malawi
PT0255C	Malawi	Malawi
PT0255Cx	Malawi	Malawi
PT0256C	Malawi	Malawi
PT0256Cx	Malawi	Malawi
PT0257C	Malawi	Malawi
PT0258C	Malawi	Malawi
PT0258Cx	Malawi	Malawi
PT0260C	Malawi	Malawi
PT0261Cx	Malawi	Malawi
PT0262C	Malawi	Malawi
PT0262Cx	Malawi	Malawi
PT0263Cx	Malawi	Malawi
PT0264C	Malawi	Malawi
PT0264Cx	Malawi	Malawi
PT0269C	Malawi	Malawi
PT0270C	Malawi	Malawi
PT0270Cx	Malawi	Malawi
PT0271C	Malawi	Malawi
PT0271Cx	Malawi	Malawi
PT0273C	Malawi	Malawi
PT0274C	Malawi	Malawi
PT0274Cx	Malawi	Malawi
PT0275C	Malawi	Malawi
PT0276C	Malawi	Malawi
PT0276Cx	Malawi	Malawi
PT0277C	Malawi	Malawi
PT0279C	Malawi	Malawi
PT0279Cx	Malawi	Malawi
PT0280C	Malawi	Malawi
PT0280Cx	Malawi	Malawi
PT0281C	Malawi	Malawi
PT0284C	Malawi	Malawi
PT0285C	Malawi	Malawi
PT0286C	Malawi	Malawi
PT0290C	Malawi	Malawi
PT0291C	Malawi	Malawi
PT0292C	Malawi	Malawi
PT0292Cx	Malawi	Malawi
PT0295C	Malawi	Malawi
PT0296C	Malawi	Malawi
PT0297C	Malawi	Malawi
PT0298C	Malawi	Malawi
PT0298Cx	Malawi	Malawi
PT0300Cx	Malawi	Malawi
PT0301C	Malawi	Malawi
PT0301Cx	Malawi	Malawi
PT0302Cx	Malawi	Malawi
PT0303C	Malawi	Malawi
PT0303Cx	Malawi	Malawi
PT0304C	Malawi	Malawi
PT0304Cx	Malawi	Malawi
PU10	Zambia	Zambia
PU11	Zambia	Zambia
PU12	Zambia	Zambia
PU13	Zambia	Zambia
PU14	Zambia	Zambia
PU15	Zambia	Zambia
PU16	Zambia	Zambia
PU17	Zambia	Zambia
PU18	Zambia	Zambia
PU19	Zambia	Zambia
PU1	Zambia	Zambia
PU20	Zambia	Zambia
PU22	Zambia	Zambia
PU23	Zambia	Zambia
PU24	Zambia	Zambia
PU25	Zambia	Zambia
PU26	Zambia	Zambia
PU28	Zambia	Zambia
PU2	Zambia	Zambia
PU3	Zambia	Zambia
PU4	Zambia	Zambia
PU5	Zambia	Zambia
PU6	Zambia	Zambia
PU7	Zambia	Zambia
PU8	Zambia	Zambia
PU9	Zambia	Zambia
QG0182C	Congo_DR	Congo_DR
QG0183C	Congo_DR	Congo_DR
QG0184C	Congo_DR	Congo_DR
QG0185C	Congo_DR	Congo_DR
QG0186C	Congo_DR	Congo_DR
QG0187C	Congo_DR	Congo_DR
QG0188C	Congo_DR	Congo_DR
QG0189C	Congo_DR	Congo_DR
QG0190C	Congo_DR	Congo_DR
QG0191C	Congo_DR	Congo_DR
QG0192C	Congo_DR	Congo_DR
QG0193C	Congo_DR	Congo_DR
QG0194C	Congo_DR	Congo_DR
QG0195C	Congo_DR	Congo_DR
QG0196C	Congo_DR	Congo_DR
QG0197C	Congo_DR	Congo_DR
QG0198C	Congo_DR	Congo_DR
QG0200C	Congo_DR	Congo_DR
QG0201C	Congo_DR	Congo_DR
QG0202C	Congo_DR	Congo_DR
QG0203C	Congo_DR	Congo_DR
QG0204C	Congo_DR	Congo_DR
QG0205C	Congo_DR	Congo_DR
QG0206C	Congo_DR	Congo_DR
QG0207C	Congo_DR	Congo_DR
QG0208C	Congo_DR	Congo_DR
QG0209C	Congo_DR	Congo_DR
QG0210C	Congo_DR	Congo_DR
QG0211C	Congo_DR	Congo_DR
QG0212C	Congo_DR	Congo_DR
QG0213C	Congo_DR	Congo_DR
QG0214C	Congo_DR	Congo_DR
QG0215C	Congo_DR	Congo_DR
QG0216C	Congo_DR	Congo_DR
QG0217C	Congo_DR	Congo_DR
QG0218C	Congo_DR	Congo_DR
QG0219C	Congo_DR	Congo_DR
QG0220C	Congo_DR	Congo_DR
QG0221C	Congo_DR	Congo_DR
QG0223C	Congo_DR	Congo_DR
QG0224C	Congo_DR	Congo_DR
QG0225C	Congo_DR	Congo_DR
QG0226C	Congo_DR	Congo_DR
QG0228C	Congo_DR	Congo_DR
QG0229C	Congo_DR	Congo_DR
QG0230C	Congo_DR	Congo_DR
QG0231C	Congo_DR	Congo_DR
QG0232C	Congo_DR	Congo_DR
QG0233C	Congo_DR	Congo_DR
QG0234C	Congo_DR	Congo_DR
QG0235C	Congo_DR	Congo_DR
QG0236C	Congo_DR	Congo_DR
QG0237C	Congo_DR	Congo_DR
QG0238C	Congo_DR	Congo_DR
QG0239C	Congo_DR	Congo_DR
QG0240C	Congo_DR	Congo_DR
QG0241C	Congo_DR	Congo_DR
QG0243C	Congo_DR	Congo_DR
QG0244C	Congo_DR	Congo_DR
QG0245C	Congo_DR	Congo_DR
QG0246C	Congo_DR	Congo_DR
QG0247C	Congo_DR	Congo_DR
QG0248C	Congo_DR	Congo_DR
QG0249C	Congo_DR	Congo_DR
QG0250C	Congo_DR	Congo_DR
QG0251C	Congo_DR	Congo_DR
QG0252C	Congo_DR	Congo_DR
QG0253C	Congo_DR	Congo_DR
QG0254C	Congo_DR	Congo_DR
QG0255C	Congo_DR	Congo_DR
QG0256C	Congo_DR	Congo_DR
QG0257C	Congo_DR	Congo_DR
QG0258C	Congo_DR	Congo_DR
QG0259C	Congo_DR	Congo_DR
QG0260C	Congo_DR	Congo_DR
QG0261C	Congo_DR	Congo_DR
QG0262C	Congo_DR	Congo_DR
QG0263C	Congo_DR	Congo_DR
QG0264C	Congo_DR	Congo_DR
QG0265C	Congo_DR	Congo_DR
QG0266C	Congo_DR	Congo_DR
QG0267C	Congo_DR	Congo_DR
QG0268C	Congo_DR	Congo_DR
QG0269C	Congo_DR	Congo_DR
QG0270C	Congo_DR	Congo_DR
QG0271C	Congo_DR	Congo_DR
QG0273C	Congo_DR	Congo_DR
QG0274C	Congo_DR	Congo_DR
QG0275C	Congo_DR	Congo_DR
QG0276C	Congo_DR	Congo_DR
QG0277C	Congo_DR	Congo_DR
QG0278C	Congo_DR	Congo_DR
QG0279C	Congo_DR	Congo_DR
QG0280C	Congo_DR	Congo_DR
QG0281C	Congo_DR	Congo_DR
QG0282C	Congo_DR	Congo_DR
QG0284C	Congo_DR	Congo_DR
QG0285C	Congo_DR	Congo_DR
QG0286C	Congo_DR	Congo_DR
QG0287C	Congo_DR	Congo_DR
QG0288C	Congo_DR	Congo_DR
QG0289C	Congo_DR	Congo_DR
QG0290C	Congo_DR	Congo_DR
QG0291C	Congo_DR	Congo_DR
QG0292C	Congo_DR	Congo_DR
QG0293C	Congo_DR	Congo_DR
QG0294C	Congo_DR	Congo_DR
QG0295C	Congo_DR	Congo_DR
QG0296C	Congo_DR	Congo_DR
QG0297C	Congo_DR	Congo_DR
QG0298C	Congo_DR	Congo_DR
QG0299C	Congo_DR	Congo_DR
QG0300C	Congo_DR	Congo_DR
Sample5024006	Zambia	Zambia
Sample5024008	Zambia	Zambia
Sample5024009	Zambia	Zambia
Sample5024011	Zambia	Zambia
Sample5024012	Zambia	Zambia
Sample5024019	Zambia	Zambia
Sample5024027	Zambia	Zambia
Sample5024029	Zambia	Zambia
Sample5024045	Zambia	Zambia
Sample5024047	Zambia	Zambia
Sample5024051	Zambia	Zambia
Sample5024052	Zambia	Zambia
Sample5024053	Zambia	Zambia
Sample5024054	Zambia	Zambia
Sample5024055	Zambia	Zambia
Sample5024056	Zambia	Zambia
Sample5024069	Zambia	Zambia
Sample5024082	Zambia	Zambia
Sample5024083	Zambia	Zambia
Sample5024085	Zambia	Zambia
Sample5024086	Zambia	Zambia
Sample5024096	Zambia	Zambia
Sample5024113	Zambia	Zambia
Sample5024165	Zambia	Zambia
Sample5024171	Zambia	Zambia
Sample5024173	Zambia	Zambia
Sample5024179	Zambia	Zambia
Sample5024183	Zambia	Zambia
Sample5024226	Zambia	Zambia
Sample5024240	Zambia	Zambia
Sample5024244	Zambia	Zambia
Sample5024252	Zambia	Zambia
Sample5024262	Zambia	Zambia
Sample5024264	Zambia	Zambia
Sample5024275	Zambia	Zambia
Sample5024310	Zambia	Zambia
Sample5024360	Zambia	Zambia
Sample5024364	Zambia	Zambia
Sample5024376	Zambia	Zambia
Sample5024414	Zambia	Zambia
Sample5024416	Zambia	Zambia
Sample5024418	Zambia	Zambia
Sample5024424	Zambia	Zambia
Sample5024442	Zambia	Zambia
Sample5024461	Zambia	Zambia
Sample5024463	Zambia	Zambia
Sample5024465	Zambia	Zambia
Sample5024467	Zambia	Zambia
Sample5024469	Zambia	Zambia
Sample5024472	Zambia	Zambia
Sample5024473	Zambia	Zambia
Sample5024475	Zambia	Zambia
Sample5024476	Zambia	Zambia
Sample5024481	Zambia	Zambia
Sample5024485	Zambia	Zambia
Sample5024486	Zambia	Zambia
Sample5024495	Zambia	Zambia
Sample5024498	Zambia	Zambia
Sample5024500	Zambia	Zambia
Sample5024504	Zambia	Zambia
Sample5024512	Zambia	Zambia
Sample5024513	Zambia	Zambia
Sample5024515	Zambia	Zambia
Sample5024525	Zambia	Zambia
Sample5024531	Zambia	Zambia
Sample5024535	Zambia	Zambia
Sample5024536	Zambia	Zambia
Sample5024547	Zambia	Zambia
Sample5024549	Zambia	Zambia
Sample5024591	Zambia	Zambia
Sample5024608	Zambia	Zambia
Sample5024610	Zambia	Zambia
Sample5024673	Zambia	Zambia
Sample5024680	Zambia	Zambia
Sample5024681	Zambia	Zambia
Sample5024686	Zambia	Zambia
Sample5024697	Zambia	Zambia
Sample5024701	Zambia	Zambia
Sample5024702	Zambia	Zambia
Sample5024704	Zambia	Zambia
Sample5024706	Zambia	Zambia
Sample5024711	Zambia	Zambia
Sample5024712	Zambia	Zambia
Sample5024719	Zambia	Zambia
Sample5024771	Zambia	Zambia
Sample5024818	Zambia	Zambia
Sample5024819	Zambia	Zambia
Sample5024820	Zambia	Zambia
Sample5024823	Zambia	Zambia
Sample5024830	Zambia	Zambia
Sample5024831	Zambia	Zambia
Sample5024833	Zambia	Zambia
Sample5024834	Zambia	Zambia
Sample5024835	Zambia	Zambia
Sample5024838	Zambia	Zambia
Sample5024839	Zambia	Zambia
Sample5024845	Zambia	Zambia
Sample5024882	Zambia	Zambia
Sample5024884	Zambia	Zambia
Sample5024937	Zambia	Zambia
Sample5024943	Zambia	Zambia
Sample5024946	Zambia	Zambia
Sample5024964	Zambia	Zambia
Sample5024981	Zambia	Zambia
Sample5024986	Zambia	Zambia
Sample5024988	Zambia	Zambia
Sample5024992	Zambia	Zambia
Sample5024996	Zambia	Zambia
Sample5025065	Zambia	Zambia
Sample5025076	Zambia	Zambia
Sample5025089	Zambia	Zambia
Sample5025095	Zambia	Zambia
Sample5025098	Zambia	Zambia
Sample5025114	Zambia	Zambia
Sample5025116	Zambia	Zambia
Sample5025117	Zambia	Zambia
Sample5025118	Zambia	Zambia
Sample5025119	Zambia	Zambia
Sample5025122	Zambia	Zambia
Sample5025123	Zambia	Zambia
Sample5025125	Zambia	Zambia
Sample5025199	Zambia	Zambia
Sample5025217	Zambia	Zambia
Sample5025257	Zambia	Zambia
Sample5025261	Zambia	Zambia
Sample5025262	Zambia	Zambia
Sample5025263	Zambia	Zambia
Sample5025264	Zambia	Zambia
Sample5025266	Zambia	Zambia
Sample5025268	Zambia	Zambia
Sample5025289	Zambia	Zambia
Sample5025291	Zambia	Zambia
Sample5025334	Zambia	Zambia
Sample5025335	Zambia	Zambia
Sample5025338	Zambia	Zambia
Sample5025396	Zambia	Zambia
Sample5025398	Zambia	Zambia
Sample5025414	Zambia	Zambia
Sample5025468	Zambia	Zambia
Sample5025499	Zambia	Zambia
Sample5025503	Zambia	Zambia
Sample5025504	Zambia	Zambia
Sample5025542	Zambia	Zambia
Sample5025548	Zambia	Zambia
Sample5025617	Zambia	Zambia
Sample5025643	Zambia	Zambia
Sample5025644	Zambia	Zambia
Sample5025654	Zambia	Zambia
Sample5025684	Zambia	Zambia
Sample5025727	Zambia	Zambia
Sample5025747	Zambia	Zambia
Sample5025753	Zambia	Zambia
Sample5025773	Zambia	Zambia
Sample5025776	Zambia	Zambia
Sample5025782	Zambia	Zambia
Sample5025822	Zambia	Zambia
Sample5025909	Zambia	Zambia
Sample5025918	Zambia	Zambia
Sample5025922	Zambia	Zambia
Sample5025923	Zambia	Zambia
Sample5025924	Zambia	Zambia
Sample5025929	Zambia	Zambia
Sample5025930	Zambia	Zambia
Sample5025941	Zambia	Zambia
Sample5025942	Zambia	Zambia
Sample5025953	Zambia	Zambia
Sample5025954	Zambia	Zambia
Sample5025957	Zambia	Zambia
Sample5025958	Zambia	Zambia
Sample5025960	Zambia	Zambia
Sample5025964	Zambia	Zambia
Sample5025967	Zambia	Zambia
Sample5025973	Zambia	Zambia
Sample5025982	Zambia	Zambia
Sample5026004	Zambia	Zambia
Sample5026029	Zambia	Zambia
Sample5026031	Zambia	Zambia
Sample5026032	Zambia	Zambia
Sample5026054	Zambia	Zambia
Sample5026097	Zambia	Zambia
Sample5026133	Zambia	Zambia
Sample5026134	Zambia	Zambia
Sample5026142	Zambia	Zambia
Sample5026147	Zambia	Zambia
Sample5026152	Zambia	Zambia
Sample5026161	Zambia	Zambia
Sample5026175	Zambia	Zambia
Sample5026206	Zambia	Zambia
Sample5026240	Zambia	Zambia
Sample5026241	Zambia	Zambia
Sample5026244	Zambia	Zambia
Sample5026290	Zambia	Zambia
Sample5026293	Zambia	Zambia
Sample5026297	Zambia	Zambia
Sample5026301	Zambia	Zambia
Sample5026302	Zambia	Zambia
Sample5026309	Zambia	Zambia
Sample5026311	Zambia	Zambia
Sample5026312	Zambia	Zambia
Sample5026314	Zambia	Zambia
Sample5026316	Zambia	Zambia
Sample5026334	Zambia	Zambia
Sample5026338	Zambia	Zambia
Sample5026350	Zambia	Zambia
Sample5026378	Zambia	Zambia
Sample5026391	Zambia	Zambia
Sample5026392	Zambia	Zambia
Sample5026399	Zambia	Zambia
Sample5026400	Zambia	Zambia
Sample5026402	Zambia	Zambia
Sample5026403	Zambia	Zambia
Sample5026407	Zambia	Zambia
Sample5026409	Zambia	Zambia
Sample5026410	Zambia	Zambia
Sample5026412	Zambia	Zambia
Sample5026416	Zambia	Zambia
Sample5026421	Zambia	Zambia
Sample5026433	Zambia	Zambia
Sample5026435	Zambia	Zambia
Sample5026437	Zambia	Zambia
Sample5026438	Zambia	Zambia
Sample5026441	Zambia	Zambia
Sample5026443	Zambia	Zambia
Sample5026450	Zambia	Zambia
Sample5026452	Zambia	Zambia
Sample5026454	Zambia	Zambia
Sample5026460	Zambia	Zambia
Sample5026468	Zambia	Zambia
Sample5026480	Zambia	Zambia
Sample5026483	Zambia	Zambia
Sample5026552	Zambia	Zambia
Sample5026569	Zambia	Zambia
Sample5026578	Zambia	Zambia
Sample5026584	Zambia	Zambia
Sample5026588	Zambia	Zambia
Sample5026596	Zambia	Zambia
Sample5026610	Zambia	Zambia
Sample5026614	Zambia	Zambia
Sample5026616	Zambia	Zambia
Sample5026697	Zambia	Zambia
Sample5026698	Zambia	Zambia
Sample5026699	Zambia	Zambia
Sample5026712	Zambia	Zambia
Sample5026718	Zambia	Zambia
Sample5026727	Zambia	Zambia
Sample5026729	Zambia	Zambia
Sample5026735	Zambia	Zambia
Sample5026738	Zambia	Zambia
Sample5026742	Zambia	Zambia
Sample5026760	Zambia	Zambia
Sample5026771	Zambia	Zambia
Sample5026773	Zambia	Zambia
Sample5026793	Zambia	Zambia
Sample5026794	Zambia	Zambia
Sample5026805	Zambia	Zambia
Sample5026814	Zambia	Zambia
Sample5026819	Zambia	Zambia
Sample5026841	Zambia	Zambia
Sample5026847	Zambia	Zambia
Sample5026848	Zambia	Zambia
Sample5026866	Zambia	Zambia
Sample5026871	Zambia	Zambia
Sample5026872	Zambia	Zambia
Sample5026877	Zambia	Zambia
Sample5026878	Zambia	Zambia
Sample5026883	Zambia	Zambia
Sample5026884	Zambia	Zambia
Sample5026895	Zambia	Zambia
Sample5026910	Zambia	Zambia
Sample5026911	Zambia	Zambia
Sample5026916	Zambia	Zambia
Sample5027250	Zambia	Zambia
SampleC30103293284	Zambia	Zambia
SampleC30104376201	Zambia	Zambia
SampleC30105364213	Zambia	Zambia
SampleC30106352225	Zambia	Zambia
SampleC30108340237	Zambia	Zambia
SampleC30109328249	Zambia	Zambia
SampleC30110316261	Zambia	Zambia
SampleC30111304273	Zambia	Zambia
SampleC30112292285	Zambia	Zambia
SampleC30113375202	Zambia	Zambia
SampleC30117363214	Zambia	Zambia
SampleC30118351226	Zambia	Zambia
SampleC30119339238	Zambia	Zambia
SampleC30120327250	Zambia	Zambia
SampleC30121315262	Zambia	Zambia
SampleC30122303274	Zambia	Zambia
SampleC30123291286	Zambia	Zambia
SampleC30124374203	Zambia	Zambia
SampleC30125362215	Zambia	Zambia
SampleC30126350227	Zambia	Zambia
SampleC30127338239	Zambia	Zambia
SampleC30129326251	Zambia	Zambia
SampleC30130314263	Zambia	Zambia
SampleC30132302275	Zambia	Zambia
SampleP11206081018290287	Zambia	Zambia
SampleP11206121218373204	Zambia	Zambia
SampleP11206141118361216	Zambia	Zambia
